PAKERU — COST ASSUMPTIONS,,
Standard cost breakdown per product category  ·  Blue cells are editable inputs,,
,,
Linen Shirts — Long Sleeve   ·   9 products,,
Cost Item,Description / Notes,Amount (₵)
Material Cost,Premium linen fabric per garment,140
Labor Cost,"Cutting, sewing & detailed finishing",200
Packaging,"Rigid box, tissue paper, hangtag & bag",84
TOTAL COGS,,424
Products in this category,,
Olive Linen,ELITE,
Coastal,ELITE,
Soleil,ELITE,
Shore,ELITE,
Sahel,ELITE,
Traverse,ELITE,
Meridian Stripe,ELITE,
Linear Rebellion Linen,ELITE,
Signature Essential Linen,EDITION,
,,
,,
Linen Shirts — Short Sleeve   ·   8 products,,
Cost Item,Description / Notes,Amount (₵)
Material Cost,Premium linen fabric per garment,140
Labor Cost,"Cutting, sewing & finishing (SS construction)",200
Packaging,"Rigid box, tissue paper, hangtag & bag",84
TOTAL COGS,,424
Products in this category,,
The Linear Heritage Shirt,ELITE,
Nomad Essential Short Sleeve,ELITE,
Grandad Short Sleeve Linen,ELITE,
Grandad Rebellion Linen,ELITE,
The Lido,EDITION,
The Capri,EDITION,
The Canopy,EDITION,
The Terracotta,EDITION,
,,
,,
Overshirts   ·   3 products,,
Cost Item,Description / Notes,Amount (₵)
Material Cost,Woven / structured fabric per garment,100
Labor Cost,"Cutting, sewing & finishing",150
Packaging,"Rigid box, tissue paper, hangtag & bag",84
TOTAL COGS,,334
Products in this category,,
Verdant Overshirt,ELITE,
Horizon Overshirt,EDITION,
Strata Overshirt,EDITION,
,,
,,
Trousers & Tailored Pants   ·   4 products,,
Cost Item,Description / Notes,Amount (₵)
Material Cost,Linen / suiting fabric per garment,210
Labor Cost,"Tailoring, lining & detailed finishing",150
Packaging,"Rigid box, tissue paper, hangtag & bag",84
TOTAL COGS,,444
Products in this category,,
Riviera Drawstring Trouser,ELITE,
Essential Linen Trouser,ELITE,
Sovereign Tailored Trouser,EDITION,
Flow Tailored Pants,EDITION,
,,
,,
Volume & Cargo Pants   ·   4 products,,
Cost Item,Description / Notes,Amount (₵)
Material Cost,Heavy cotton / denim fabric per garment,125
Labor Cost,"Construction, pockets & finishing",120
Packaging,"Rigid box, tissue paper, hangtag & bag",84
TOTAL COGS,,329
Products in this category,,
Aurea Volume Pants,EDITION,
Relaxed Volume Pants,EDITION,
Atlas Cargo Jeans,EDITION,
Axis Cargo Jeans,EDITION,
,,
,,
Shorts   ·   1 product,,
Cost Item,Description / Notes,Amount (₵)
Material Cost,Cotton / twill fabric per garment,100
Labor Cost,"Construction, pockets & finishing",100
Packaging,"Rigid box, tissue paper, hangtag & bag",84
TOTAL COGS,,284
Products in this category,,
Forge Cargo Shorts,EDITION,
,,
,,
Signature T-Shirts   ·   4 products,,
Cost Item,Description / Notes,Amount (₵)
Material Cost,Premium cotton / jersey fabric per garment,100
Labor Cost,"Cut & sew, signature detailing & finishing",150
Packaging,"Rigid box, tissue paper, hangtag & bag",84
TOTAL COGS,,334
Products in this category,,
Pakeru Core,EDITION,
Pakeru Aegis,EDITION,
Pakeru Loma,EDITION,
Pakeru Edge,EDITION,
,,
,,
textured Tees & Polo   ·   3 products,,
Cost Item,Description / Notes,Amount (₵)
Material Cost,Cotton / jersey fabric per garment,100
Labor Cost,"Cut & sew, collar & finishing",150
Packaging,"Rigid box, tissue paper, hangtag & bag",84
TOTAL COGS,,334
Products in this category,,
Column Tee,EDITION,
Mesline,EDITION,
Spire Polo,EDITION,
,,
,,
Tanks   ·   3 products,,
Cost Item,Description / Notes,Amount (₵)
Material Cost,Knit / jersey fabric per garment,110
Labor Cost,"Cut & sew, edges & finishing",7
Packaging,"Rigid box, tissue paper, hangtag & bag",84
TOTAL COGS,,201
Products in this category,,
Aegis Tank,EDITION,
Loma Tank,EDITION,
Edge Tank,EDITION,
,,
,,
Female Tops   ·   3 products,,
Cost Item,Description / Notes,Amount (₵)
Material Cost,Cropped woven / knit fabric per garment,100
Labor Cost,"Cut & sew, hem & finishing",100
Packaging,"Rigid box, tissue paper, hangtag & bag",84
TOTAL COGS,,284
Products in this category,,
Niore Crop,EDITION,
Vierra Crop,EDITION,
Verde Crop,EDITION,
,,
,,
Artisan Woven   ·   3 products,,
Cost Item,Description / Notes,Amount (₵)
Material Cost,Artisan / handwoven fabric per garment,86
Labor Cost,"Specialist weaving, construction & finishing",150
Packaging,"Rigid box, tissue paper, hangtag & bag",84
TOTAL COGS,,320
Products in this category,,
Pakeru Spek,EDITION,
Pakeru Yvan,EDITION,
Pakeru Livity,EDITION,
,,
,,
Skirts   ·   1 product,,
Cost Item,Description / Notes,Amount (₵)
Material Cost,Woven / flowing fabric per garment,100
Labor Cost,"Cut & sew, waistband & finishing",100
Packaging,"Rigid box, tissue paper, hangtag & bag",84
TOTAL COGS,,284
Products in this category,,
Vierra Skirt,EDITION,
,,
,,
Essential Formal   ·   1 product,,
Cost Item,Description / Notes,Amount (₵)
Material Cost,Formal suiting / shirting fabric per garment,100
Labor Cost,"Tailoring, pressing & meticulous finishing",200
Packaging,"Rigid box, tissue paper, hangtag & bag",84
TOTAL COGS,,384
Products in this category,,
Essential Formal,EDITION,
,,
,,
Caps   ·   1 product,,
Cost Item,Description / Notes,Amount (₵)
Material Cost,"Cap body, lining & embroidered trims",15
Labor Cost,"Assembly, embroidery & finishing",10
Packaging,Polybag + card insert,4.2
TOTAL COGS,,29.2
Products in this category,,
Classic Cap,EDITION,
,,
,,
Tote Bags   ·   1 product,,
Cost Item,Description / Notes,Amount (₵)
Material Cost,Canvas / woven fabric + handles,45
Labor Cost,"Sewing, branding & finishing",5
Packaging,Polybag + card insert,4.2
TOTAL COGS,,54.2
Products in this category,,
Tote Bag,EDITION,
